Student ID,Completed Time,Links,Score,Reason,Summary
2026300025,27 April 2026  13:53 PM,https://gemini.google.com/share/952fa82ead2e,2,"학생은 flexbox 아이템 간격에 대한 현대적인 CSS 속성에 대해 구체적인 질문을 던져 답변을 얻었습니다. 그러나 답변 이후 추가적인 질문이나 상호작용 없이 대화가 종료되어, 단순히 정보를 얻는 데 그쳤을 뿐 개념을 심도 있게 이해하려는 주도적인 학습 노력은 부족했다고 판단됩니다.",학생은 flexbox 아이템 사이에 여백을 추가하기 위한 현대적인 CSS 속성(margin 없이)이 무엇인지 질문했습니다.
2026300030,27 April 2026  13:57 PM,"https://gemini.google.com/share/34e9fb6d7bff
https://gemini.google.com/share/fa609dcd3ec4",4,"학생은 웹 프로그래밍 시험 문제를 Gemini에 직접 복사하여 답변을 얻었지만, CSS box-sizing 개념 질문에 대해서는 단순히 정답을 아는 것을 넘어 '왜 그런지' 이유를 물으며 답변 내용을 이해하려는 노력을 보였습니다. 직접 코드를 작성하거나 심도 있는 꼬리 질문을 여러 번 이어가는 주도적인 학습의 흔적은 부족했습니다.","학생은 웹 프로그래밍 중간고사 문제 중 HTML 리스트 구조와 CSS `box-sizing: border-box` 개념에 대해 질문하고, 특히 CSS 개념에 대해서는 답변의 이유를 요청했습니다."
2026300039,27 April 2026  13:55 PM,"https://gemini.google.com/share/7be8c99e035b

https://gemini.google.com/share/f19129049a75

https://gemini.google.com/share/29d0b58f07c2

https://gemini.google.com/share/87a3cd2dbd8b

https://gemini.google.com/share/8d7862f8f866

https://gemini.google.com/share/098f5e1fc19f

https://gemini.google.com/share/c4de800f8cd1",1,제출된 스크린샷에는 제미니(Gemini) 대화 기록이 전혀 포함되어 있지 않습니다. 'Link doesn't exist' 오류 메시지만 보여서 학생의 학습 노력을 평가할 수 있는 어떠한 근거도 찾을 수 없습니다.,학생이 제출한 스크린샷에는 제미니 대화 기록이 없어 학습 노력을 평가할 수 없습니다.
2026300034,27 April 2026  13:57 PM,https://gemini.google.com/share/9700e569143e,1,제출된 스크린샷은 제미니 대화 기록이 아닌 'Link doesn't exist' 오류 화면입니다. 따라서 학생의 학습 노력을 평가할 수 있는 어떠한 대화 내용도 확인할 수 없어 최하점을 부여합니다.,학생은 제미니 대화 기록이 담긴 스크린샷 대신 링크 오류 화면을 제출하여 어떠한 학습 내용도 확인되지 않았습니다.
2026300036,27 April 2026  14:08 PM,https://gemini.google.com/share/9b50090d7283,1,제출된 스크린샷은 제미니 대화 기록 자체가 아니라 reCAPTCHA 보안 페이지입니다. 학생의 학습 노력이나 질문 내용을 확인할 수 있는 대화 내용이 전혀 포함되어 있지 않아 평가 기준에 따라 점수를 부여할 수 없습니다.,학생이 제출한 이미지는 제미니 대화 내용 없이 reCAPTCHA 보안 확인 페이지만을 보여줍니다. 따라서 학생이 제미니를 활용한 학습 노력을 평가할 수 없습니다.
2026300045,27 April 2026  13:55 PM,https://gemini.google.com/share/b068d5a620cf,1,제출된 스크린샷은 제미니(Gemini) 대화 기록이 아닌 reCAPTCHA 보안 확인 페이지입니다. 따라서 학생의 학습 노력이나 제미니와의 상호작용 내용을 평가할 수 없습니다.,"학생은 제미니 대화 기록 대신 reCAPTCHA 확인 페이지의 스크린샷을 제출하여, 실제 대화 내용은 전혀 확인할 수 없습니다."
2026300028,27 April 2026  13:50 PM,https://gemini.google.com/share/1153d6aa20c7,1,제출된 스크린샷은 제미니 대화 기록이 아니라 reCAPTCHA 페이지입니다. 학생의 질문 내용이나 학습 노력을 전혀 확인할 수 없어 평가 기준에 따라 최하점인 1점을 부여합니다. 대화 기록이 포함된 스크린샷을 다시 제출해주세요.,제출된 이미지에는 제미니 대화 내용이 전혀 포함되어 있지 않습니다.
2026300032,27 April 2026  13:52 PM,https://gemini.google.com/share/2f9817a0157c,1,학생이 제출한 스크린샷은 제미니 대화 내용이 아니라 보안 인증(reCAPTCHA) 화면입니다. 학습과 관련된 어떠한 질의나 상호작용의 흔적도 확인할 수 없어 평가 기준에 따라 최저 점수를 부여합니다.,"학생은 제미니 대화 기록이 아닌, 제미니 접속 시 나타난 보안 인증 화면을 제출하여 학습 관련 질의 내용이 전혀 확인되지 않습니다."
